product_id,price,onsale_web,stock_quantity,sku,total_sales,post_name
3847,24.2,1,0,15298,6.0,pierre-jean-villa-saint-joseph-preface-2018
3849,34.3,1,0,15296,0.0,pierre-jean-villa-saint-joseph-tilde-2017
3850,20.8,1,0,15300,0.0,pierre-jean-villa-croze-hermitage-accroche-coeur-2018
4032,14.1,1,0,19814,3.0,pierre-jean-villa-igp-gamine-2018
4039,46.0,1,0,19815,0.0,pierre-jean-villa-cote-rotie-carmina-2017
4040,34.3,1,0,15303,0.0,pierre-jean-villa-saint-joseph-saut-ange-2018
4041,32.7,1,15,14975,0.0,pierre-gaillard-condrieu-2018
4042,31.2,1,34,16042,7.0,pierre-gaillard-cornas-2017
4043,60.0,1,12,14980,3.0,pierre-gaillard-cote-rotie-esprit-blond-2017
4045,42.6,1,66,16041,14.0,pierre-gaillard-cote-rotie-2018
4046,80.0,1,0,15269,6.0,pierre-gaillard-cote-rotie-rose-pourpre-2017
4047,18.3,1,36,14977,0.0,pierre-gaillard-gendrines-2018
4048,22.8,1,22,16044,7.0,pierre-gaillard-saint-joseph-cuminaille-2018
4049,19.3,1,46,16043,1.0,pierre-gaillard-saint-joseph-2018
4050,21.8,1,0,16449,6.0,pierre-gaillard-saint-joseph-blanc-2019
4051,7.7,1,41,16045,6.0,pierre-gaillard-syrah-terre-mandrin-2018
4052,33.7,1,35,16030,6.0,mont-olivet-chateauneuf-pape-blanc-2019
4053,44.3,1,16,13127,23.0,clos-du-mont-olivet-chateauneuf-du-pape-2012
4054,71.6,1,0,19816,10.0,clos-du-mont-olivet-chateauneuf-du-pape-papet-2018
4055,86.1,0,0,,,post_name_vide
4090,73.0,0,0,,,post_name_vide
4092,47.0,0,0,,,post_name_vide
4195,14.1,0,0,,,post_name_vide
4209,73.5,0,0,,,post_name_vide
4233,20.0,0,0,,,post_name_vide
4278,21.5,0,0,,,post_name_vide
4279,10.8,0,0,,,post_name_vide
4565,30.5,0,3,,,post_name_vide
4577,49.0,0,1,,,post_name_vide
4578,40.0,0,3,,,post_name_vide
4594,144.0,1,0,,,post_name_vide
4599,36.9,0,0,,,post_name_vide
4659,23.6,0,0,,,post_name_vide
4692,12.0,0,48,,,post_name_vide
4693,18.5,0,0,,,post_name_vide
4697,34.5,0,1,,,post_name_vide
4698,20.5,0,0,,,post_name_vide
4702,23.8,0,0,,,post_name_vide
4721,20.2,0,0,,,post_name_vide
4738,13.5,0,3,,,post_name_vide
4744,13.8,0,5,,,post_name_vide
4798,12.7,0,0,,,post_name_vide
4874,14.6,0,0,,,post_name_vide
4911,23.0,0,0,,,post_name_vide
4973,10.0,0,0,,,post_name_vide
5017,8.0,0,0,,,post_name_vide
5020,10.0,0,0,,,post_name_vide
5070,84.7,1,0,,,post_name_vide
5075,43.3,1,0,,,post_name_vide
5560,47.0,0,62,,,post_name_vide
5569,19.9,0,1,,,post_name_vide
5805,29.2,0,0,,,post_name_vide
5808,34.2,0,1,,,post_name_vide
5952,42.5,0,0,,,post_name_vide
6125,14.2,0,0,,,post_name_vide
6324,92.0,0,18,,,post_name_vide
6327,28.5,0,0,,,post_name_vide
6594,9.1,0,192,,,post_name_vide
6821,28.0,0,21,,,post_name_vide
6824,28.0,0,8,,,post_name_vide
6825,24.0,0,5,,,post_name_vide
6826,18.0,0,11,,,post_name_vide
6864,40.0,0,32,,,post_name_vide
6866,40.0,0,42,,,post_name_vide
6869,40.0,0,4,,,post_name_vide
6875,40.0,0,17,,,post_name_vide
6898,30.0,0,51,,,post_name_vide
6899,26.0,0,3,,,post_name_vide
6900,30.0,0,0,,,post_name_vide
6901,20.0,0,0,,,post_name_vide
6902,31.0,0,6,,,post_name_vide
6903,27.0,0,54,,,post_name_vide
6904,31.0,0,22,,,post_name_vide
6905,21.0,0,3,,,post_name_vide
6906,31.0,0,12,,,post_name_vide
6907,27.0,0,8,,,post_name_vide
6908,31.0,0,14,,,post_name_vide
6909,21.0,0,7,,,post_name_vide
7008,40.0,0,5,,,post_name_vide
7009,40.0,0,10,,,post_name_vide
7010,47.0,0,37,,,post_name_vide
7015,45.0,0,12,,,post_name_vide
7081,45.0,0,17,,,post_name_vide
7084,45.0,0,7,,,post_name_vide
7085,30.0,0,8,,,post_name_vide
7086,26.0,0,2,,,post_name_vide
7087,30.0,0,91,,,post_name_vide
7088,20.0,0,53,,,post_name_vide
7131,45.0,0,19,,,post_name_vide
7132,45.0,0,22,,,post_name_vide
7133,45.0,0,26,,,post_name_vide
7136,45.0,0,7,,,post_name_vide
7137,45.0,0,3,,,post_name_vide
7159,31.0,0,1,,,post_name_vide
7161,21.0,0,5,,,post_name_vide
7162,27.0,0,1,,,post_name_vide
7163,31.0,0,42,,,post_name_vide
7164,31.0,0,51,,,post_name_vide
7168,45.0,0,29,,,post_name_vide
7169,45.0,0,3,,,post_name_vide
7170,45.0,0,43,,,post_name_vide
7192,31.0,0,28,,,post_name_vide
7193,27.0,0,14,,,post_name_vide
7194,31.0,0,5,,,post_name_vide
7195,21.0,0,1,,,post_name_vide
7196,31.0,0,55,,,post_name_vide
7200,31.0,0,6,,,post_name_vide
7201,31.0,0,18,,,post_name_vide
7203,45.0,0,30,,,post_name_vide
7204,45.0,0,9,,,post_name_vide
4056,12.7,1,0,16029,10.0,clos-du-mont-olivet-cotes-du-rhone-vieilles-vignes-2018
4057,8.7,1,112,16039,18.0,mourgues-galets-dores-2019
4058,8.7,1,267,16318,11.0,mourgues-du-gres-costieres-de-nimes-galets-rouges-2019
4059,8.7,1,36,16275,7.0,mourgues-du-gres-costieres-de-nimes-galets-roses-2019
4060,11.9,1,73,16498,9.0,mourgues-du-gres-costieres-de-nimes-argence-rouge-2017
4062,11.9,1,60,16320,3.0,mourgues-du-gres-costieres-de-nimes-terre-dargence-blanc-2018
4063,14.5,1,10,16319,3.0,mourgues-du-gres-terres-feu-2017
4064,14.4,1,27,15966,3.0,oratoire-reserve-seigneurs-rouge-2017
4065,19.5,1,35,15022,0.0,oratoire-saint-martin-cairanne-douyes-2016
4066,20.8,1,65,15967,20.0,oratoire-saint-martin-cairanne-haut-coustias-2016
4067,22.0,1,31,15490,19.0,gilles-robin-alberic-2017
4068,16.6,1,157,16416,62.0,gilles-robin-crozes-hermitage-papillon-2019
4069,60.0,1,0,11862,0.0,gilles-robin-hermitage-2012
4070,23.4,1,98,15444,7.0,gilles-robin-crozes-hermitage-marelles-2018
4071,33.2,1,16,15953,19.0,vaudieu-chateauneuf-2015
4072,32.0,1,28,12045,1.0,chateau-de-vaudieu-chateauneuf-du-pape-blanc-2015
4073,77.8,1,11,13074,0.0,chateau-de-vaudieu-chateauneuf-du-pape-lavenue-2015
4074,12.7,1,50,15941,4.0,jerome-cotes-du-rhone-2018
4075,14.7,1,54,16069,0.0,plateau-chenes-lirac-2015
4076,14.05,1,53,13072,4.0,plateau-des-chenes-lirac-blanc-2016
4077,22.9,1,48,15440,0.0,bosquets-gigondas-2016
4078,44.0,1,14,13435,10.0,domaine-des-bosquets-gigondas-colline-2015
4079,37.0,1,0,13078,0.0,vieux-donjon-chateauneuf-2013
4081,39.0,1,0,13117,4.0,le-vieux-donjon-chateauneuf-du-pape-blanc-2016
4083,17.0,1,0,16296,0.0,rimauresq-provence-r-blanc-2019
4084,23.2,1,14,16014,0.0,rimauresq-cotes-de-provence-cru-classe-r-2017
4085,19.0,1,37,16462,7.0,rimauresq-cotes-de-provence-cru-classe-2017
4086,16.4,1,31,16013,4.0,rimauresq-cotes-de-provence-cru-classe-blanc-2019
4087,14.4,1,45,16180,18.0,rimauresq-cotes-de-provence-cru-classe-rose-2019
4094,13.7,1,24,15676,0.0,ginglinger-gewurzt-wahlenbourg-2017
4095,12.6,1,19,16120,4.0,paul-ginglinger-muscat-caroline-2018
4096,22.8,1,12,15564,0.0,paul-ginglinger-pinot-gris-gc-eichberg-2015
4097,12.8,1,26,15675,1.0,paul-ginglinger-pinot-gris-prelats-2018
4098,22.1,1,22,15378,1.0,paul-ginglinger-pinot-noir-les-rocailles-2016
4099,12.8,1,43,15813,0.0,paul-ginglinger-riesling-drei-exa-2018
4100,15.8,1,7,13416,0.0,boeckel-gewurzt-gc-zotzenberg-2016
4101,15.8,1,37,14905,0.0,emile-boeckel-pinot-gris-gc-zotzenberg-2016
4102,16.3,1,16,15767,1.0,emile-boeckel-sylvaner-grand-cru-zotzenberg-2017
4103,16.3,1,6,16505,12.0,emile-boeckel-riesling-gc-wiebelsberg-2016
4104,9.7,1,37,15683,12.0,emile-boeckel-riesling-brandluft-2018
4105,6.8,1,42,16504,5.0,emile-boeckel-sylvaner-vieilles-vignes-2019
4106,12.6,1,26,15787,6.0,emile-boeckel-pinot-noir-barriques-2018
4107,35.0,1,35,14800,0.0,emile-boeckel-pinot-noir-terres-rouges-2016
4108,31.7,1,0,15353,2.0,zind-humbrecht-riesling-herrenweg-turckheim-2017
4115,100.0,1,11,15382,0.0,zind-humbrecht-riesling-gc-rangen-thann-clos-st-urbain-2017
4130,23.0,1,0,15339,0.0,zind-humbrecht-pinot-gris-roche-calcaire-2017
4132,88.4,1,5,11668,0.0,zind-humbrecht-pinot-gris-grand-cru-rangen-de-thann-clos-saint-urbain-2012
4137,29.8,1,0,13209,0.0,zind-humbrecht-muscat-gc-goldert-2015
4138,25.7,1,0,15341,6.0,zind-humbrecht-vdf-zind-2017
4139,77.4,1,7,13217,0.0,zind-humbrecht-gewurzt-grand-cru-rangen-de-thann-clos-saint-urbain-2013
4141,39.0,1,1,304,40.0,gosset-champagne-grande-reserve
4142,53.0,1,8,11641,30.0,champagne-gosset-grand-millesime-2006
4144,49.0,1,11,1662,87.0,champagne-gosset-grand-rose
4146,29.5,1,33,1360,0.0,champagne-mailly-gc-brut-reserve
4147,33.0,1,7,15648,3.0,champagne-mailly-grand-cru-extra-brut-2012
4148,37.5,1,18,1364,0.0,champagne-mailly-grand-cru-brut-rose
4149,69.0,1,34,7086,0.0,champagne-mailly-grand-cru-intemporelle-rose-2009
4150,59.0,1,17,1366,1.0,champagne-mailly-grand-cru-intemporelle-2010
4151,13.7,1,0,15140,12.0,elian-daros-abouriou-2016
4152,19.2,1,57,16238,7.0,elian-daros-cotes-du-marmandais-chante-coucou-2016
4153,29.0,1,0,16237,36.0,elian-daros-cotes-du-marmandais-clos-baquey-2015
4154,9.8,1,128,15141,18.0,elian-daros-cotes-du-marmandais-vin-fete-2017
4155,14.5,1,70,14944,3.0,elian-daros-cotes-du-marmandais-vignoble-elian-2016
4156,20.35,1,1,14941,6.0,elian-daros-cotes-du-marmandais-coucou-blanc-2016
4157,12.0,1,10,14751,0.0,planeta-sicilia-alastro-2017
4158,18.5,1,0,16093,0.0,8planeta-sicilia-etna-rosso-2018
4159,9.3,1,0,15668,3.0,planeta-sicilia-segreta-bianco-2017
4160,9.3,1,0,15373,7.0,planeta-sicilia-la-segreta-rosso-2017
4161,11.6,1,0,15375,0.0,planeta-sicilia-plumbago-2017
4162,14.3,1,26,14474,1.0,domino-romano-ribera-camino-2016
4163,10.8,1,18,15482,3.0,pares-balta-penedes-calcari-2018
4164,7.6,1,19,13453,20.0,pares-balta-penedes-mas-petit-2015
4165,12.0,1,57,15075,3.0,pares-balta-penedes-indigena-2017
4166,20.5,1,8,16124,6.0,ollieux-romanis-corbieres-boutenac-atal-sia-2017
4167,14.3,1,36,15785,3.0,ollieux-romanis-corbieres-cuvee-prestige-2017
4168,18.2,1,50,15784,12.0,ollieux-romanis-corbieres-cuvee-prestige-blanc-2018
4170,9.0,1,58,15786,4.0,ollieux-romanis-corbieres-classique-2018
4171,7.8,1,65,14332,1.0,ollieux-romanis-monsieur-pinot-2017
4172,5.7,1,167,16210,43.0,maurel-pays-oc-chardonnay-2019
4173,5.7,1,100,16211,13.0,maurel-pays-doc-chenin-colombard-2019
4174,5.7,1,94,16209,6.0,maurel-cabardes-tradition-2017
4176,13.5,1,276,15629,9.0,hortus-pic-saint-loup-la-bergerie-2018
4177,13.5,1,109,15583,0.0,hortus-la-bergerie-blanc-2018
4178,11.5,1,12,16160,17.0,hortus-pic-saint-loup-la-bergerie-rose-2019
4179,24.0,1,73,16166,7.0,hortus-pic-saint-loup-grande-cuvee-2018
4180,24.0,1,47,15783,0.0,hortus-la-grande-cuvee-blanc-2018
4181,11.9,1,137,16560,9.0,borie-vitarele-saint-chinian-terres-blanches-2019
4182,16.7,1,53,15747,3.0,borie-la-vitarele-saint-chinian-les-schistes-2017
4183,21.4,1,48,15746,0.0,borie-la-vitarele-saint-chinian-les-cres-2016
4186,16.6,1,0,16190,1.0,le-pas-de-lescalette-larzac-clapas-rouge-2018
4187,13.3,1,90,16189,42.0,le-pas-de-lescalette-languedoc-petits-pas-2019
4188,9.5,1,99,16265,8.0,liquiere-languedoc-amandiers-blancs-2019
4190,12.1,1,0,16191,5.0,le-pas-de-lescalette-coteaux-languedoc-ze-roze-2019
4191,9.3,1,209,16263,12.0,chateau-de-la-liquiere-faugeres-les-amandiers-rouge-2019
4192,17.8,1,43,15605,5.0,chateau-de-la-liquiere-faugeres-cistus-rouge-2017
4193,13.5,1,55,16529,8.0,chateau-de-la-liquiere-faugeres-cistus-blanc-2019
4194,10.8,1,5,15441,9.0,chateau-de-la-liquiere-faugeres-rouge-2017
4196,27.2,1,13,13032,2.0,chateau-de-liquiere-faugeres-tucade-2015
4197,9.4,1,24,16256,8.0,chateau-de-la-liquiere-faugeres-les-amandiers-rose-2019
4198,5.8,1,105,16322,0.0,moulin-gassac-igp-pays-herault-guilhem-rouge-2019
4200,5.8,1,190,16295,46.0,moulin-de-gassac-igp-pays-dherault-guilhem-rose-2019
4201,38.0,1,69,15656,0.0,mas-de-daumas-gassac-igp-saint-guilhem-le-desert-2018
4202,38.0,1,46,15655,0.0,mas-de-daumas-gassac-igp-saint-guilhem-le-desert-blanc-2019
4203,9.9,1,89,15415,6.0,mas-laval-igp-pays-herault-pampres-blanc-2018
4204,11.3,1,31,15414,3.0,mas-laval-igp-pays-dherault-les-pampres-rouges-2017
4205,23.0,1,0,15413,12.0,mas-laval-terrasse-larzac-grande-cuvee-2016
4207,6.7,1,195,16023,5.0,montrose-cotes-de-thongue-2018
4208,7.6,1,578,16024,16.0,domaine-montrose-cotes-de-thongue-rose-2019
4210,79.8,1,0,15720,0.0,lucien-boillot-nuits-saint-georges-1ercru-pruliers-2017
4211,48.5,1,0,15714,1.0,lucien-boillot-pommard-2017
4212,39.8,1,19,15717,2.0,lucien-boillot-volnay-2017
4213,58.8,1,2,15718,0.0,lucien-boillot-volnay-1ercru-angles-2017
4215,26.5,1,0,15480,0.0,marc-colin-saint-aubin-luce-2017
4216,13.4,1,34,15213,1.0,ecu-muscadet-classic-2018
4217,17.1,1,17,15672,0.0,domaine-de-lecu-muscadet-granite-2018
4219,16.7,1,0,12599,1.0,domaine-de-lecu-muscadet-orthogneiss-2014
4220,11.6,1,66,15758,12.0,frissant-chenin-pierres-2018
4221,12.8,1,83,15829,15.0,xavier-frissant-touraine-roses-du-clos-2018
4222,8.9,1,66,15759,4.0,xavier-frissant-touraine-amboise-m-de-la-touche-2016
4223,9.7,1,180,16585,3.0,xavier-frissant-touraine-sauvignon-2019
4224,17.2,1,13,15306,2.0,pierre-martin-sancerre-rouge-2017
4225,16.9,1,20,16497,13.0,pierre-martin-sancerre-chavignol-blanc-2019
4227,12.6,1,49,15261,6.0,cotelleraie-saint-nicolas-croisee-2018
4228,29.9,1,8,12657,0.0,belliviere-jasnieres-rosiers-2015
4229,9.6,1,26,15403,0.0,merieau-touraine-arpent-vaudons-2018
4231,11.1,1,0,15461,1.0,catena-zapata-mendoza-alamos-malbec-2018
4232,11.1,1,35,16269,2.0,catena-zapata-mendoza-alamos-chardonnay-2019
4235,17.1,1,0,13905,1.0,maroc-graillot-thaleb-tandem-syrah-2015
4239,28.0,1,18,16567,0.0,augustin-collioure-blanc-adeodat-2019
4240,28.0,1,1,15436,0.0,domaine-augustin-collioure-rouge-adeodat-2017
4241,8.9,1,7,14725,1.0,parce-freres-hommage-fernand-blanc-2019
4242,8.6,1,85,15310,14.0,parce-freres-cotes-roussillon-zoe-rouge-2018
4244,13.5,1,50,15770,5.0,preceptorie-cotes-du-roussillon-coume-marie-2018
4245,8.9,1,141,16097,1.0,parce-freres-igp-pays-oc-zoe-viognier-2019
4246,15.3,1,25,15428,7.0,st-denis-macon-lugny-2017
4248,14.8,1,64,15033,12.0,domaine-saint-denis-macon-chardonnay-2017
4250,19.5,1,14,16317,30.0,domaine-saint-denis-bourgogne-clos-coque-2018
4251,14.1,1,102,15032,8.0,domaine-saint-denis-bourgogne-rouge-le-clos-2017
4253,59.6,1,15,6616,0.0,domaine-huet-vouvray-le-clos-du-bourg-moelleux-1ere-trie-2008
4254,26.9,1,0,12203,0.0,domaine-huet-vouvray-haut-lieu-demi-sec-2015
4256,24.4,1,0,14253,0.0,domaine-huet-vouvray-haut-lieu-sec-2016
4257,31.7,1,0,12476,0.0,domaine-huet-vouvray-le-mont-moelleux-2015
4258,32.1,1,0,14485,5.0,domaine-huet-vouvray-le-mont-sec-2017
4260,12.2,1,22,14945,2.0,chermette-vissoux-beaujolais-blanc-collonge-2017
4261,9.9,1,89,15662,1.0,chermette-domaine-du-vissoux-beaujolais-griottes-2018
4262,15.8,1,35,15663,3.0,chermette-domaine-du-vissoux-brouilly-pierreux-2018
4263,15.8,1,50,15664,0.0,chermette-domaine-du-vissoux-fleurie-poncie-2018
4264,17.8,1,48,15665,2.0,chermette-domaine-du-vissoux-moulin-a-vent-trois-roches-2018
4265,9.6,1,21,15136,3.0,bulliat-beaujolais-villages-bibine-2018
4267,19.0,1,21,16537,2.0,domaine-bulliat-morgon-amphore-cou-de-jus-2019
4268,15.2,1,55,16307,1.0,domaine-bulliat-morgon-colombier-2019
4269,10.2,1,1,16244,0.0,serol-cote-roannaise-originelles-2019
4270,15.5,1,31,15839,4.0,domaine-serol-cote-roannaise-millerands-2018
4271,16.6,1,56,13460,0.0,domaine-serol-cote-roannaise-perdriziere-2016
4272,9.2,1,25,13089,1.0,domaine-serol-cote-roannaise-cabochard-2016
4274,12.9,1,0,12942,0.0,domaine-serol-mousseux-turbullent
4275,14.9,1,14,14864,12.0,i-fabbri-chianti-classico-lamole-2017
4276,17.6,1,1,14527,0.0,i-fabbri-chianti-classico-terra-di-lamole-2015
4277,24.8,1,0,14865,3.0,i-fabbri-chianti-classico-riserva-2015
4280,18.9,1,46,15690,0.0,cazeneuve-languedoc-blanc-2016
4281,11.6,1,4,16330,0.0,chateau-de-cazeneuve-val-montferrand-caza-sorix-2019
4283,27.0,1,58,16154,4.0,chateau-de-cazeneuve-pic-saint-loup-roc-des-mates-2017
4285,41.0,1,24,16153,8.0,chateau-de-cazeneuve-pic-saint-loup-le-sang-du-calvaire-2017
4286,69.8,1,4,16066,10.0,hauvette-baux-provence-amethyste-2017
4287,38.6,1,22,16065,1.0,domaine-hauvette-cornaline-2014
4288,26.7,1,8,15292,1.0,domaine-hauvette-igp-alpilles-jaspe-2017-2
4289,22.8,0,0,13771,,post_name_vide
4297,19.0,1,26,16246,0.0,la-tour-du-bon-bandol-blanc-2019
4298,23.2,1,36,16501,1.0,domaine-de-la-tour-du-bon-bandol-2018
4299,39.1,1,18,16578,0.0,domaine-de-la-tour-du-bon-bandol-saint-ferreol-2018
4300,44.0,1,15,15567,1.0,domaine-de-la-tour-du-bandol-en-sol-2017
4301,17.5,1,14,16553,3.0,domaine-de-la-tour-du-bon-bandol-rose-2019
4303,30.0,1,0,13172,0.0,rimauresq-cotes-provence-quintessence-2015
4304,8.1,1,133,15120,0.0,idylle-savoie-cruet-2018
4306,10.7,1,41,15949,1.0,domaine-de-lidylle-savoie-roussette-2018
4307,10.9,1,0,15946,0.0,domaine-de-lidylle-savoie-mondeuse-2018
4334,49.0,1,0,7818,96.0,champagne-gosset-grand-blanc-de-blanc
4336,35.5,1,36,13599,1.0,champagne-mailly-grand-cru-blanc-de-pinot-noir
4337,83.0,1,13,4679,0.0,champagne-mailly-grand-cru-les-echansons-2007
4348,59.0,1,21,12586,0.0,champagne-egly-ouriet-tradition-grand-cru
4350,79.5,1,20,12588,0.0,champagne-egly-ouriet-extra-brut-vp
4352,225.0,1,0,15940,5.0,champagne-egly-ouriet-grand-cru-millesime-2008
4353,79.5,1,11,12587,3.0,champagne-egly-ouriet-grand-cru-brut-rose
4355,126.5,1,2,12589,11.0,champagne-egly-ouriet-grand-cru-brut-blanc-de-noirs
4356,51.6,1,5,12585,12.0,champagne-egly-ouriet-premier-cru-vrigny
4357,39.0,1,0,9562,0.0,champagne-larmandier-bernier-latitude
4358,77.0,1,0,13854,0.0,champagne-larmandier-bernier-vieilles-vignes-levant-2008
4359,85.6,1,0,13853,1.0,champagne-larmandier-bernier-grand-cru-vieilles-chemins-avize-2011
4364,49.5,1,6,11585,1.0,whisky-wemyss-the-hive
4391,49.5,1,7,11467,0.0,whisky-wemyss-peat-chimney
4392,49.5,1,13,11586,0.0,whisky-wemyss-spice-king
4393,57.0,1,2,13765,0.0,whisky-wemyss-vanilla-burst
4394,59.8,1,0,13766,0.0,whisky-wemyss-treacle-chest
4395,27.5,1,8,11587,0.0,whisky-lord-elcho
4396,62.0,1,7,9636,0.0,whisky-wemyss-the-hive-12-ans
4397,59.0,1,7,12639,0.0,whisky-wemyss-the-hive-batch-strength
4398,59.0,1,0,12641,0.0,whisky-wemyss-peat-chimney-batch-strength
4399,59.0,1,6,12640,1.0,whisky-wemyss-spice-king-batch-strength
4400,44.0,1,0,14768,0.0,cognac-frapin-1270
4401,62.5,1,1,3506,1.0,cognac-frapin-vsop
4402,176.0,1,8,3510,13.0,cognac-frapin-vip-xo
4404,108.5,1,2,3507,2.0,cognac-frapin-fontpinot-xo
4405,68.1,1,6,13230,0.0,cognac-frapin-chateau-de-fontpinot-xo-1-2
4406,157.0,1,3,7819,0.0,cognac-frapin-chateau-de-fontpinot-1989-20-ans
4407,104.0,1,6,3509,1.0,cognac-frapin-cigar-blend
4558,28.1,1,96,15426,3.0,montcalmes-larzac-rouge-2017
4564,21.7,1,60,15621,19.0,domaine-giudicelli-vfd-ete-rouge-2018
4566,28.5,1,3,15457,0.0,domaine-de-montcalmes-ct-languedoc-blanc-2017
4568,21.5,0,0,15065,,post_name_vide
4573,67.2,1,9,13604,0.0,cdme-beaune-1ercru-greves-3-journaux-2015
4582,109.6,1,7,12857,0.0,chateau-de-puligny-montrachet-1cru-champ-canet-2014
4584,32.3,0,0,14785,,post_name_vide
4596,43.9,1,0,15476,23.0,marc-colin-et-fils-chassagne-montrachet-blanc-margot-2017
4597,61.6,1,0,14000,2.0,marc-colin-et-fils-chassagne-montrachet-blanc-vide-bourses-2016
4598,41.8,1,61,15478,1.0,marc-colin-et-fils-saint-aubin-en-montceau-2017
4600,26.5,1,0,15475,0.0,marc-colin-et-fils-chassagne-montrachet-rouge-vieilles-vignes-2017
4601,16.1,1,31,16151,4.0,catherine-et-claude-marechal-bourgogne-aligote-2018
4602,31.5,1,26,15659,7.0,catherine-et-claude-marechal-chorey-les-beaune-2017
4603,31.5,1,39,15147,1.0,catherine-et-claude-marechal-ladoix-rouge-les-chaillots-2017
4604,49.0,1,9,15660,1.0,catherine-et-claude-marechal-pommard-la-chaniere-2016
4605,32.2,1,1,15148,0.0,catherine-et-claude-marechal-savigny-les-beaune-rouge-2016
4606,50.1,1,41,15149,1.0,catherine-et-claude-marechal-volnay-2017
4607,13.4,1,0,15146,0.0,francois-bergeret-hautes-cotes-de-beaune-rondo-2017
4609,11.8,1,237,15145,0.0,francois-bergeret-hautes-cotes-de-beaune-rouge-2017
4610,13.1,1,114,15801,0.0,francois-bergeret-hautes-cotes-de-beaune-blanc-2018
4611,26.2,1,27,15452,15.0,gilbert-picq-chablis-vosgros-1er-cru-2017
4612,20.6,1,49,15038,10.0,gilbert-picq-chablis-vieilles-vignes-2017
4613,16.9,1,31,15030,9.0,gilbert-picq-chablis-2017
4614,19.0,1,50,15875,11.0,gilbert-picq-chablis-en-vaudecorse-2017
4615,24.0,1,10,16186,7.0,alphonse-mellot-sancerre-blanc-la-moussiere-2018
4616,57.0,1,5,14371,0.0,alphonse-mellot-sancerre-rouge-la-demoiselle-2015
4617,67.5,1,1,10459,0.0,alphonse-mellot-sancerre-rouge-generation-xix-2011
4618,30.6,1,3,14372,0.0,alphonse-mellot-sancerre-rouge-la-moussiere-2014
4619,59.0,1,5,11049,0.0,alphonse-mellot-sancerre-rouge-en-grands-champs-2012
4620,11.9,1,106,15850,6.0,bernard-baudry-chinon-rouge-les-granges-2018
4621,16.5,1,49,15849,9.0,bernard-baudry-chinon-rouge-les-grezeaux-2017
4625,52.4,1,3,812,0.0,marcel-windholtz-eau-de-vie-de-sureau
4626,52.9,1,2,807,0.0,marcel-windholtz-eau-de-vie-de-sureau-copie
4627,58.3,1,1,805,4.0,marcel-windholtz-eau-de-vie-de-poire-williams-reserve-particuliere
4628,39.6,1,2,802,0.0,marcel-windholtz-eau-de-vie-de-marc-de-muscat
4629,52.4,1,3,2534,2.0,marcel-windholtz-eau-de-vie-de-fraise
4630,62.4,1,3,793,4.0,marcel-windholtz-eau-de-vie-de-coing
4631,76.8,1,3,791,0.0,marcel-windholtz-eau-de-vie-de-baie-de-houx
4632,50.0,1,3,2179,0.0,marcel-windholtz-eau-de-quetsch-dalsace-reserve-particuliere
4633,52.4,1,2,804,3.0,marcel-windholtz-eau-de-mirabelle-dalsace-reserve-particuliere
4634,41.0,1,4,41,0.0,marcel-windholtz-eau-de-marc-de-gewurztraminer
4635,62.4,1,3,798,0.0,marcel-windholtz-eau-de-vie-de-kirsch-dalsace-reserve-particuliere
4636,50.0,1,4,2361,1.0,marcel-windholtz-eau-de-vie-de-framboise-dalsace
4646,21.5,1,34,15848,1.0,bernard-baudry-chinon-rouge-clos-guillot-2017
4647,28.5,1,48,16525,8.0,bernard-baudry-chinon-rouge-croix-boissee-2017
4648,24.3,1,9,16262,2.0,bernard-baudry-chinon-blanc-croix-boissee-2018
4649,16.5,1,5,16261,1.0,bernard-baudry-chinon-blanc-2018
4650,25.3,1,14,15206,5.0,thierry-germain-saumur-blanc-linsolite-2018
4651,49.0,1,21,11849,0.0,thierry-germain-saumur-blanc-terres-2014
4653,36.2,1,18,13515,0.0,thierry-germain-saumur-champigny-franc-de-pied-2016
4654,33.4,1,0,13514,0.0,thierry-germain-saumur-champigny-la-marginale-2016__trashed
4655,40.2,1,23,13516,0.0,thierry-germain-saumur-champigny-les-memoires-2016
4656,43.0,1,3,10814,0.0,thierry-germain-saumur-champigny-outre-terre-2013
4657,43.0,1,11,11847,0.0,thierry-germain-saumur-champigny-outre-terre-2014
4658,48.8,1,12,13517,0.0,thierry-germain-saumur-champigny-outre-terre-2016
4662,20.8,1,24,16081,0.0,pierre-martin-sancerre-les-monts-damnes-2018
4664,16.4,1,15,15402,0.0,la-cotelleraie-saint-nicolas-de-bourgueil-le-vau-jaumier-2016
4665,14.4,1,6,15404,2.0,vincent-careme-vouvray-sec-2018
4666,21.0,1,32,13647,0.0,vincent-careme-vouvray-moelleux-2015
4668,12.3,1,23,14657,3.0,xavier-frissant-touraine-amboise-loree-des-frenes-2015
4669,20.2,1,37,16053,1.0,pelle-menetou-salon-blanc-le-carroir-2018
4670,17.0,1,93,15525,2.0,pelle-menetou-salon-blanc-morogues-2018
4671,21.9,1,24,15527,0.0,pelle-menetou-salon-rouge-les-cris-2015
4672,17.8,1,5,14676,0.0,pelle-menetou-salon-rouge-morogues-2017
4673,19.8,1,35,16057,0.0,pelle-sancerre-rouge-la-croix-au-garde-2017
4674,19.0,1,41,16056,7.0,pelle-sancerre-blanc-la-croix-au-garde-2018
4675,10.7,1,35,13762,0.0,domaine-rotier-gaillac-blanc-sec-renaissance-2015
4676,12.9,1,73,15280,0.0,domaine-rotier-gaillac-blanc-doux-les-gravels-2016
4677,9.5,1,161,15282,1.0,domaine-rotier-gaillac-rouge-les-gravels-2016
4678,29.8,1,30,15281,0.0,domaine-rotier-gaillac-rouge-lame-2016
4679,13.2,1,37,15283,0.0,domaine-rotier-gaillac-rouge-renaissance-2016
4680,6.3,1,34,15934,2.0,domaine-de-joy-cotes-de-gascogne-envie-de-joy-2018
4681,7.1,1,178,15933,12.0,domaine-de-joy-cotes-de-gascogne-blanc-moelleux-saint-andre-2018
4682,9.1,1,26,15575,6.0,chateau-plaisance-fronton-2017
4683,9.1,1,42,16239,1.0,chateau-plaisance-fronton-rose-2019
4684,18.1,1,25,14451,3.0,chateau-plaisance-fronton-to-co-que-cal-2015
4686,14.0,1,6,16324,2.0,matthieu-cosse-cahors-solis-2018
4687,30.1,1,36,15582,0.0,matthieu-cosse-cahors-le-sid-2014
4689,12.8,1,6,13736,1.0,domaine-plageoles-cotes-du-tarn-blanc-sec-ondenc
4690,12.8,1,15,13659,0.0,domaine-plageoles-vin-de-france-contre-pied-2016
4703,19.8,1,2,15465,7.0,albert-mann-cremant-dalsace-extra-brut-2017
4704,18.2,1,0,15004,3.0,albert-mann-gewurztraminer-2017
4705,31.6,1,12,14699,8.0,albert-mann-gewurztraminer-grand-cru-steingrubler-2016
4706,16.8,1,23,15349,32.0,albert-mann-muscat-2018
4707,22.8,1,13,15466,13.0,albert-mann-pinot-gris-cuvee-albert-2017
4708,32.6,1,15,14700,8.0,albert-mann-pinot-gris-grand-cru-furstentum-2016
4709,44.0,1,0,10775,0.0,albert-mann-pinot-gris-vendanges-tardives-altenbourg-2011
4711,55.4,1,9,16119,1.0,albert-mann-riesling-grand-cru-schlossberg-2018
4712,15.8,1,0,15667,1.0,domaine-schoenheitz-cremant-dalsace-memoire-granit-extra-brut
4713,18.4,1,6,14746,12.0,domaine-schoenheitz-gewurztraminer-lisenberg-2015
4714,13.3,1,25,15361,3.0,domaine-schoenheitz-muscat-2017
4715,11.1,1,30,15196,0.0,domaine-schoenheitz-pinot-blanc-val-saint-gregoire-2017
4716,18.6,1,7,15657,0.0,domaine-schoenheitz-pinot-gris-herrenreben-2017
4717,23.4,1,0,15658,6.0,domaine-schoenheitz-pinot-noir-herrenreben-2017
4718,18.2,1,19,15670,0.0,domaine-schoenheitz-pinot-noir-val-saint-gregoire-2017
4719,12.5,1,29,16527,15.0,domaine-schoenheitz-pinot-noir-tradition-2019
4720,15.9,1,10,16513,15.0,domaine-schoenheitz-riesling-herrenreben-2018
4722,13.7,1,0,15880,1.0,francois-baur-pinot-gris-herrenweg-de-turckheim-2018
4723,29.0,1,5,15879,3.0,francois-baur-pinot-noir-sang-du-dragon-2017
4725,23.4,1,1,16010,0.0,francois-baur-riesling-grand-cru-brand-clos-de-la-treille-2017
4726,12.7,1,0,14950,4.0,francois-baur-pinot-noir-schlittweg-2017
4727,26.0,1,33,16540,2.0,paul-ginglinger-riesling-grand-cru-pfersigberg-2018
4728,29.5,1,20,15729,2.0,schoech-gewurztraminer-vt-2017
4729,8.6,1,151,38,38.0,emile-boeckel-cremant-brut-blanc-de-blancs
4730,14.3,1,6,5646,0.0,domaine-mure-cremant-dalsace-cuvee-prestige
4731,22.0,1,7,8344,18.0,domaine-mure-cremant-dalsace-rose
4733,16.8,1,13,15576,0.0,camin-larredya-jurancon-sec-la-part-davant-2018
4734,15.3,1,36,16138,1.0,camin-larredya-jurancon-moelleux-costat-darrer-2018
4739,7.4,1,50,14366,0.0,jean-paul-brun-beaujolais-le-ronsay-2016
4740,9.7,1,8,13412,0.0,jean-paul-brun-beaujolais-lancien-2016
4741,12.4,0,0,12601,,post_name_vide
4748,14.5,1,14,14632,0.0,jean-paul-brun-saint-amour-2017
4749,11.9,1,140,15315,0.0,domaine-de-montgilet-anjou-blanc-2016
4750,16.4,1,45,13627,2.0,domaine-de-montgilet-anjou-rouge-2016
4752,27.9,1,42,14184,0.0,domaine-de-montgilet-coteaux-de-laubance-les-trois-schistes-2016
4753,12.0,1,76,15429,7.0,domaine-de-montgilet-coteaux-de-laubance-2017
4755,7.4,1,97,16132,0.0,domaine-de-montgilet-vin-de-france-grolleau-2019
4757,26.5,1,1,14680,6.0,domaine-saint-nicolas-fiefs-vendeens-blanc-le-haut-des-clous-2017
4758,24.3,1,22,15859,0.0,domaine-saint-nicolas-fiefs-vendeens-rouge-cuvee-jacques-2016
4759,16.9,1,49,16229,0.0,domaine-saint-nicolas-fiefs-vendeens-rouge-reflets-2018
4776,6.8,1,11,14302,7.0,chateau-de-la-liquiere-pays-dherault-blanc-a-mi-chemin-2017
4778,13.9,1,0,16072,0.0,clos-du-mont-olivet-cotes-du-rhone-rose-farel-2019
4779,7.8,1,163,14300,18.0,clos-du-mont-olivet-vin-de-france-la-sabonite
4780,13.7,1,12,13096,1.0,maurice-schoech-cremant-dalsace-brut-rose-bulles-de-granite
4782,9.8,1,22,16564,3.0,paul-ginglinger-pinot-blanc-2017
4783,29.5,1,5,13754,0.0,maurice-schoech-pinot-gris-vendanges-tardives-2015
4784,28.5,1,10,15734,0.0,maurice-schoech-riesling-vendanges-tardives-2017
4785,10.1,1,18,15448,1.0,maurice-schoech-pinot-auxerrois-2018
4786,12.1,1,37,15881,0.0,maurice-schoech-gewurztraminer-2018
4788,12.3,1,21,15731,3.0,maurice-schoech-pinot-gris-2018
4789,11.1,1,62,15316,2.0,maurice-schoech-pinot-noir-2018
4790,11.1,1,43,15732,0.0,maurice-schoech-riesling-2018
4791,13.6,1,24,14599,0.0,maurice-schoech-pinot-noir-piece-de-chene-2016
4792,21.0,1,13,15733,19.0,maurice-schoech-riesling-grand-cru-kaefferkopf-2018
4793,18.7,1,17,15730,0.0,maurice-schoech-pinot-gris-grand-cru-schlossberg-2017
4794,41.6,1,0,12771,0.0,maurice-schoech-riesling-grand-cru-rangen-de-thann-2016
4795,12.0,1,34,3568,10.0,emile-boeckel-cremant-brut-rose
4797,78.0,1,0,14506,0.0,domaine-peyre-rose-clos-des-cistes-2008
4799,14.9,1,56,15811,3.0,domaine-de-la-monardiere-vacqueyras-les-deux-monardes-2017
4858,6.5,1,257,16342,1.0,chateau-turcaud-rose-2019
4860,8.7,1,85,16292,11.0,philippe-nusswitz-duche-uzes-orenia-rose-2019
4861,8.5,1,284,15307,29.0,philippe-nusswitz-duche-uzes-orenia-rouge-2017
4862,9.9,1,168,16047,12.0,philippe-nusswitz-duche-uzes-orenia-blanc-2018
4863,8.2,1,0,16255,4.0,chateau-ollieux-romanis-corbieres-rose-classique-2019
4864,8.3,0,0,15154,,post_name_vide
4865,9.8,1,1,16274,13.0,mourgues-du-gres-costieres-de-nimes-capitelles-rose-2018
4867,9.9,1,0,16148,1.0,chateau-de-la-selve-igp-coteaux-de-lardeche-maguelonne-rose-2019
4869,17.2,0,0,14360,,post_name_vide
4870,9.3,1,0,16149,33.0,triennes-igp-mediterranee-rose-2019
4876,22.8,1,4,16289,22.0,tempier-bandol-rose-2019
4885,18.7,1,6,14981,0.0,saumaize-michelin-macon-vergisson-sur-la-roche-2017
4886,28.4,1,48,15773,5.0,saumaize-michelin-pouilly-fuisse-clos-sur-la-roche-2018
4888,27.9,1,53,15776,0.0,saumaize-michelin-pouilly-fuisse-les-ronchevats-2018
4889,25.3,1,0,16037,0.0,saumaize-michelin-pouilly-fuisse-vignes-blanches-2018
4890,17.0,1,29,16038,6.0,saumaize-michelin-saint-veran-2018
4891,27.9,1,0,15807,36.0,jacqueson-rully-blanc-1er-cru-la-pucelle-2018
4892,20.1,1,34,15952,3.0,jacqueson-rully-rouge-les-chaponnieres-2018
4893,27.9,1,0,15808,3.0,jacqueson-rully-rouge-1er-cru-les-cloux-2018
4899,21.2,1,35,16062,9.0,domaine-brintet-mercurey-blanc-vieilles-vignes-2018
4900,20.8,1,42,16063,1.0,domaine-brintet-mercurey-rouge-vieilles-vignes-2018
4901,41.0,1,36,14802,0.0,domaine-des-croix-beaune-1er-cru-les-cent-vignes-2017
4902,46.0,1,11,13052,0.0,domaine-des-croix-savigny-les-beaune-1er-cru-les-peuillets-2015
4903,102.3,1,20,14805,0.0,domaine-des-croix-corton-grand-cru-les-greves-2017
4904,137.0,1,13,14220,5.0,domaine-des-croix-corton-charlemagne-grand-cru-2016
4907,22.9,1,6,14374,0.0,alphonse-mellot-coteaux-charitois-rouge-les-penitents-2015
4908,53.2,1,5,14395,4.0,alphonse-mellot-sancerre-blanc-edmond-2016
4909,25.9,1,27,15614,0.0,antoine-marie-arena-vin-de-france-bianco-gentile-2018
4910,17.3,1,0,13809,4.0,antoine-marie-arena-vin-de-france-rouge-san-giovanni-2017
4912,25.9,1,10,15612,6.0,jean-baptiste-arena-patrimonio-rouge-grotte-di-sole-2018
4913,28.0,1,16,13814,0.0,jean-batiste-arena-muscat-du-cap-corse-2015
4914,25.9,1,6,15613,2.0,antoine-marie-arena-patrimonio-hauts-carco-2018
4915,25.9,1,14,15615,8.0,jean-baptiste-arena-patrimonio-morta-maio
4918,37.2,1,0,15533,24.0,alain-graillot-crozes-hermitage-rouge-la-guiraude-2016
4919,24.4,1,0,15531,6.0,alain-graillot-crozes-hermitage-rouge-2017
4920,24.4,1,1,15530,10.0,alain-graillot-crozes-hermitage-blanc-2018
4921,13.8,0,0,15608,,post_name_vide
4922,21.5,0,0,15586,,post_name_vide
4923,7.0,1,143,15928,10.0,cave-de-castelmaure-corbieres-rouge-vigneron-2018
4924,12.8,1,0,16276,0.0,cave-de-castelmaure-corbieres-rouge-grande-cuvee-2017
4925,23.2,1,0,16277,12.0,cave-de-castelmaure-corbieres-rouge-n3-2017
4926,7.9,1,92,15456,0.0,domaine-la-croix-belle-cotes-de-thongue-blanc-champ-des-lys-2018
4927,6.5,1,0,15425,4.0,domaine-la-croix-belle-cotes-de-thongue-rouge-la-caringole-2018
4928,7.9,1,1,15047,5.0,domaine-la-croix-belle-cotes-de-thongue-rouge-le-champ-du-coq-2016
4929,16.7,1,4,15927,2.0,domaine-la-croix-belle-cotes-de-thongue-rouge-n7-2017
4930,17.5,1,9,16155,5.0,domaine-la-croix-belle-cotes-de-thongue-blanc-n7-2018
4931,27.8,1,11,16280,0.0,marcel-richaud-cairanne-rouge-lebrescade-2017
4932,25.7,1,0,9937,4.0,marcel-richaud-cairanne-rouge-les-estrambords-2011
4933,18.4,1,30,16281,0.0,marcel-richaud-cairanne-rouge-2018
4934,22.2,1,57,15554,2.0,marcel-richaud-rasteau-rouge-2017
4936,11.1,1,88,15106,11.0,domaine-rouge-garance-cotes-du-rhone-blanc-de-garance-2018
4937,9.9,1,28,16283,4.0,domaine-rouge-garance-cotes-du-rhone-feuille-de-garance-2019
4938,12.5,1,0,13379,0.0,domaine-rouge-garance-cotes-du-rhone-villages-garances-2016
4939,12.9,1,0,15338,0.0,oratoire-saint-martin-cairanne-blanc-reserve-des-seigneurs-2018
4940,20.5,1,44,15337,2.0,oratoire-saint-martin-cairanne-blanc-haut-coustias-2017
4954,25.0,1,0,bon-cadeau-25-euros,10.0,bon-cadeau-de-25-euros
4962,11.3,1,95,15737,14.0,chateau-turcaud-bordeaux-blanc-cuvee-majeure-2018
4963,7.0,1,289,15958,2.0,chateau-turcaud-bordeaux-rouge-2016
4964,12.1,1,72,16515,6.0,chateau-turcaud-bordeaux-rouge-cuvee-majeure-2018
4965,7.1,1,203,16586,26.0,chateau-turcaud-entre-deux-mers-2019
4970,49.5,1,0,11225,0.0,champagne-larmandier-bernier-terre-de-vertus-premier-cru-2011
4974,23.0,1,2,16004,5.0,chateau-du-couvent-pomerol-2017
4975,23.7,1,15,14756,4.0,chateau-cordet-margaux-2013
4976,16.45,1,26,16005,4.0,chateau-lafont-menaut-pessac-leognan-rouge-2017
4977,16.3,1,47,14930,3.0,chateau-lafont-menaut-pessac-leognan-blanc-2017
4978,18.5,1,0,13313,0.0,chateau-dutruch-grand-poujeaux-moulis-2016
4980,26.5,1,88,15229,0.0,chateau-la-tour-laspic-pauillac-2014
4994,78.0,1,7,14507,0.0,domaine-peyre-rose-syrah-leone-2008
4995,78.0,1,0,14509,0.0,domaine-peyre-rose-oro-2002
4996,78.0,1,33,14508,0.0,domaine-peyre-rose-marlene-n3-2008
5000,27.3,1,0,15868,6.0,duband-cotes-de-nuits-villages-2017
5001,217.5,1,20,14581,0.0,david-duband-charmes-chambertin-grand-cru-2014
5002,64.9,1,1,14580,0.0,david-duband-morey-saint-denis-1er-cru-les-broc-2016
5003,48.7,1,9,15869,0.0,david-duband-morey-saint-denis-2017
5004,59.4,1,1,15871,2.0,david-duband-vosne-romanee-2017
5006,48.7,1,0,15870,0.0,david-duband-nuits-saint-georges-2017
5007,105.0,1,17,12791,0.0,domaine-des-comtes-lafon-volnay-1er-cru-santenots-du-milieu-2014
5008,105.0,1,10,11602,0.0,domaine-des-comtes-lafon-volnay-1er-cru-santenots-du-milieu-2013
5010,55.6,1,17,15073,0.0,domaine-des-comtes-lafon-monthelie-1er-cru-les-duresses-2017
5016,9.3,1,1,14839,3.0,chateau-tour-des-gendres-bergerac-blanc-cuvee-des-conti-2017
5018,15.4,0,0,15272,,post_name_vide
5019,19.8,1,0,14696,0.0,chateau-tour-des-gendres-bergerac-blanc-moulin-des-dames-2016
5021,17.1,0,0,15630,,post_name_vide
5024,45.0,1,0,11996,0.0,champagne-agrapart-fils-les-7-crus-brut-blanc-de-blancs
5025,112.0,1,0,13914,0.0,champagne-agrapart-fils-lavizoise-grand-cru-2012-extra-brut-blanc-de-blancs
5026,86.8,1,2,13913,0.0,champagne-agrapart-fils-mineral-extra-brut-blanc-de-blancs-grand-cru-2012
5027,62.1,1,0,11997,0.0,champagne-agrapart-fils-terroirs-brut-blanc-de-blancs-grand-cru
5047,22.5,1,129,531,13.0,champagne-petit-lebrun-fils-blanc-de-blancs-grand-cru
5056,7.5,1,9,13531,1.0,domaine-de-montgilet-anjou-rouge-2016-2
5061,52.6,1,24,15711,0.0,lucien-boillot-gevrey-chambertin-les-evocelles-2017
5062,45.0,1,4,15713,2.0,lucien-boillot-gevrey-chambertin-2017
5063,67.0,1,0,15715,0.0,lucien-boillot-pommard-1er-cru-les-croix-noires-2017
5067,59.9,1,0,15346,16.0,albert-mann-pinot-noir-grand-h-2017
5068,59.9,1,1,15345,0.0,albert-mann-pinot-noir-grand-p-2017
5069,65.0,1,2,15344,0.0,albert-mann-pinot-noir-les-saintes-claires-2017
5375,15.2,1,0,15755,1.0,david-beaupere-julienas-2018
5377,19.0,1,7,15677,0.0,argentine-alamos-catena-malbec-2017
5379,11.1,1,26,14561,0.0,argentine-mendoza-alamos-torrontes-2017
5380,18.0,1,24,16022,0.0,nouvelle-zelande-marlborough-momo-sauvignon-blanc-2018
5382,22.8,1,11,16011,0.0,nouvelle-zelande-marlborough-momo-pinot-noir-2016
5383,19.5,1,9,3383,0.0,nouvelle-zelande-marlborough-kim-crawford-sauvignon-blanc-2015
5384,28.8,1,0,14149,0.0,liban-vallee-de-la-bekaa-chateau-marsyas-2012
5389,16.1,1,5,13904,0.0,australie-maverick-breechens-blend-2012
5391,24.2,1,17,14141,1.0,australie-maverick-trial-hill-riesling-2010
5393,35.3,1,9,12494,0.0,australie-harkham-wines-old-vines-2011
5394,10.7,1,4,15462,0.0,chili-valdivieso-merlot-2017
5395,12.7,1,6,15095,0.0,chili-errazuriz-cabernet-sauvignon-2015
5396,17.1,1,34,14626,0.0,chili-de-martino-gallardia-cinsault-2017
5397,24.0,1,6,12496,0.0,chili-de-martino-viejas-tinajas-cinsault-2013
5398,39.0,1,10,12315,1.0,chili-montsecano-ostertag-pinot-noir-2013
5439,13.2,1,0,15649,18.0,la-preceptorie-maury-sec-rouge-copain-comme-cochon-2018
5443,23.6,1,2,14809,5.0,la-rectorie-banyuls-leon-parce-2016
5444,15.5,1,37,15155,1.0,la-preceptorie-maury-aurelie-2017
5445,16.3,1,11,12194,0.0,la-preceptorie-maury-blanc-2015
5446,16.2,1,30,16328,0.0,parce-freres-banyuls-rimage-2018
5448,7.2,1,0,14469,0.0,parce-freres-cotes-du-roussillon-villages-hommage-a-fernand-2017__trashed
5465,54.8,1,12,16034,3.0,clos-du-mont-olivet-chateauneuf-du-pape-2007
5474,42.0,1,0,14679,4.0,domaine-saint-nicolas-fiefs-vendeens-rouge-grande-piece-2013
5477,19.8,1,38,15526,4.0,pelle-menetou-salon-blanc-ratier-2018
5479,10.2,1,69,16305,3.0,domaine-bulliat-beaujolais-blanc-2019
5480,10.4,1,37,16306,1.0,domaine-bulliat-chiroubles-2019
5481,11.5,1,46,15138,0.0,domaine-bulliat-moulin-a-vent-2017
5483,17.9,1,22,15753,0.0,david-beaupere-julienas-bottiere-2018
5484,21.6,1,0,15756,1.0,david-beaupere-julienas-vayolette-2017
5485,33.4,1,13,16131,3.0,decelle-villa-savigny-blanc-2018
5486,49.5,1,5,16130,9.0,decelle-villa-meursault-2018
5487,43.5,1,1,16129,3.0,decelle-villa-nuits-st-georges-rouge-2016
5488,43.5,1,17,14712,0.0,decelle-villa-beaune-rouge-2015
5491,26.5,1,15,15481,0.0,marc-colin-et-fils-santenay-rouge-2017
5504,13.8,1,35,16146,3.0,chateau-de-la-selve-igp-coteaux-de-lardeche-st-regis-blanc-2019
5505,10.1,0,0,14648,,post_name_vide
5506,18.2,1,63,14192,0.0,chateau-de-la-selve-coteaux-de-lardeche-rouge-serre-berty-2014
5519,12.9,1,35,15860,22.0,chambeyron-cotes-du-rhone-2017
5520,38.6,1,54,15863,2.0,domaine-chambeyron-cote-rotie-chavarine-2017
5522,48.4,1,10,15861,1.0,domaine-chambeyron-cote-rotie-angeline-2017
5523,60.4,1,16,15862,1.0,domaine-chambeyron-cote-rotie-lancement-2017
5524,38.6,1,0,15864,1.0,domaine-chambeyron-condrieu-vernon-2018
5525,12.0,1,0,14819,0.0,domaine-chambeyron-vdp-viognier-2016
5544,61.6,1,0,14828,0.0,marc-colin-et-fils-chassagne-montrachet-blanc-les-vide-bourses-1er-cru-2016
5545,65.9,1,0,14827,7.0,marc-colin-et-fils-chassagne-montrachet-blanc-les-caillerets-1er-cru-2016
5546,15.2,1,130,15202,6.0,thierry-germain-saumur-champigny-domaine-2018
5547,24.6,1,32,13959,1.0,thierry-germain-saumur-champigny-terres-chaudes-2017
5548,48.8,1,6,13965,0.0,thierry-germain-saumur-champigny-outre-terre-2017
5550,34.3,1,0,13958,0.0,thierry-germain-saumur-champigny-la-marginale-2017__trashed
5551,36.3,1,18,13957,0.0,thierry-germain-saumur-champigny-franc-de-pied-2017
5552,57.7,1,12,13520,0.0,thierry-germain-saumur-blanc-clos-romans-2016
5554,38.0,1,10,13969,0.0,thierry-germain-saumur-champigny-clos-echelier-2017
5559,27.9,0,3,14715,,post_name_vide
5561,58.0,1,0,19820,0.0,tempier-bandol-migoua-2017
5563,58.0,1,0,19821,0.0,tempier-bandol-tourtine-2017
5564,30.8,1,21,15748,3.0,tempier-bandol-2017
5565,92.0,1,0,19822,0.0,tempier-bandol-cabassaou-2017
5566,27.5,1,17,16192,0.0,le-pas-de-lescalette-terrasses-du-larzac-le-grand-pas-2018
5570,22.5,0,0,14730,,post_name_vide
5573,34.7,1,5,14729,0.0,domaine-huet-vouvray-le-clos-du-bourg-demi-sec-2017
5574,59.6,1,9,8463,0.0,domaine-huet-vouvray-le-mont-moelleux-premiere-trie-2008
5580,83.7,1,18,13982,0.0,lucien-boillot-puligny-montrachet-1er-cru-les-perrieres-2016
5608,30.5,1,20,15944,2.0,weinbach-gewurztraminer-theo-2018
5609,38.6,1,25,15930,2.0,domaine-weinbach-riesling-colette-2018
5610,18.0,1,11,14912,0.0,domaine-weinbach-pinot-blanc-2017
5611,63.4,1,1,15945,1.0,domaine-weinbach-riesling-schlossberg-catherine-2018
5612,124.8,1,12,14915,0.0,domaine-weinbach-gewurztraminer-gc-furstentum-sgn-2010
5613,19.2,1,11,14855,6.0,albert-boxler-chasselas-2016
5614,19.2,1,39,14856,3.0,albert-boxler-cremant-2014
5615,56.4,1,11,15923,0.0,albert-boxler-pinot-gris-sommerberg-w-2016
5616,38.4,1,6,14845,2.0,albert-boxler-pinot-noir-s-2016
5617,27.8,1,12,14844,3.0,albert-boxler-pinot-gris-reserve-2016
5618,71.3,1,31,15921,0.0,albert-boxler-riesling-grand-cru-sommerberg-d-2018
5619,71.3,1,13,15922,0.0,albert-boxler-riesling-grand-cru-sommerberg-e-2018
5628,25.0,1,20,12366,0.0,pares-balta-penedes-hisenda-miret-2013
5629,10.3,1,51,8365,0.0,pares-balta-cava-brut-nature
5630,28.0,1,1,12365,1.0,pares-balta-penedes-electio-2013
5690,44.6,1,8,14647,0.0,domaine-hauvette-igp-alpilles-dolia-2012
5693,13.0,1,55,15812,11.0,philippe-nusswitz-duche-uzes-orenia-blanc-reserve-2018
5694,12.7,1,62,14661,5.0,philippe-nusswitz-duche-uzes-orenia-rouge-reserve-2016
5695,6.5,1,123,16304,14.0,philippe-nusswitz-igp-cevennes-opale-rose-2019
5696,17.5,1,35,15797,0.0,planeta-sicilia-etna-bianco-2018
5697,29.9,1,1,16094,0.0,planeta-sicilia-santa-cecilia-2016
5700,44.5,1,0,14736,1.0,gilles-robin-crozes-hermitage-rouge-1920-2016-copie
5703,29.4,1,1,11736,0.0,domaine-de-lecu-muscadet-taurus-2012
5704,16.9,1,5,15036,0.0,domaine-de-lecu-muscadet-gneiss-2015
5705,19.8,1,9,15360,2.0,domaine-huet-vouvray-petillant-2014
5706,10.3,1,22,15674,0.0,domaine-terres-d-ocre-saint-pourcain-blanc-instant-t-2018
5707,10.8,1,13,13557,10.0,domaine-des-terres-docre-saint-pourcain-rouge-instant-t-2015
5709,31.7,1,0,15035,0.0,alliet-chinon-rouge-noire-2016
5711,25.0,1,35,16121,5.0,albert-mann-riesling-albert-2017
5712,57.6,1,0,14241,1.0,albert-mann-gewurztraminer-vendanges-tardives-altenbourg-2015
5715,13.7,1,35,14982,0.0,francois-baur-gewurztraminer-herrenweg-de-turckheim-2016
5722,7.1,1,118,15026,19.0,domaine-de-lhortus-herault-loup-bergerie-2018
5736,14.9,1,10,15116,5.0,triennes-igp-mediterranee-sainte-fleur-2018
5737,11.0,1,12,15369,9.0,triennes-igp-mediterranee-rouge-aureliens-2016
5738,14.6,1,26,15566,11.0,triennes-igp-mediterranee-rouge-saint-auguste-2016
5739,10.7,1,39,16003,1.0,triennes-igp-mediterranee-rouge-merlot-2016
5741,73.3,1,0,15127,0.0,clerget-chambolle-musigny-charmes-2015
5742,42.1,1,0,15125,0.0,domaine-clerget-chambolle-musigny-2014
5743,57.0,1,0,14323,0.0,domaine-clerget-vosne-romanee-les-violettes-2015
5747,24.5,1,1,15631,21.0,boudignon-anjou-blanc-2018
5753,10.1,1,101,16147,4.0,chateau-de-la-selve-vdf-petite-selve-2019
5756,42.2,1,30,7033,4.0,huile-olive-planeta-3l
5760,13.1,1,37,11258,2.0,huile-dolive-extra-vierge-planeta-50cl
5761,19.5,1,0,13849,0.0,huile-dolive-extra-vierge-planeta-3x-10cl
5764,12.9,1,84,15818,12.0,parce-freres-collioure-rouge-petit-gus-2018
5766,35.6,1,30,15179,0.0,camille-giroud-auxey-duresses-blc-2017
5767,175.0,1,12,15185,0.0,camille-giroud-clos-de-vougeot-2016
5768,35.6,1,0,15183,1.0,camille-giroud-maranges-1er-cru-le-croix-moines-2016
5769,33.6,1,0,15254,0.0,camille-giroud-marsannay-longeroies-2016
5770,34.4,1,54,15178,4.0,camille-giroud-santenay-blc-2017
5771,38.4,1,3,15184,0.0,camille-giroud-santenay-rge-1er-cru-clos-rousseau-2016
5772,29.7,1,47,15180,1.0,camille-giroud-santenay-rouge-2016
5773,32.8,1,18,15264,3.0,decelle-villa-auxey-blanc-2017
5777,5.7,1,132,14338,0.0,maurel-pays-d-oc-cabernet-sauvignon-2017
5778,5.8,1,36,15561,24.0,maurel-pays-d-oc-merot-2018
5779,5.8,1,211,16213,8.0,maurel-pays-d-oc-syrah-2019
5794,21.7,1,34,14692,0.0,fonreaud-bordeaux-blanc-le-cygne-2016
5795,23.0,1,18,13291,0.0,chateau-de-chantegrive-caroline-blanc-2016
5796,12.5,1,12,13895,0.0,chateau-saransot-dupre-bordeaux-blanc-2016
5797,17.2,1,123,15688,0.0,chateau-saransot-dupre-listrac-medoc-2016
5799,40.2,1,0,14461,0.0,chateau-carbonnieux-graves-blanc-2017
5800,32.3,0,0,14689,,post_name_vide
5801,24.0,1,62,11277,0.0,margaux-bouquet-de-monbrison-2012
5802,23.8,1,22,15399,0.0,peymartin-saint-julien-2014
5803,17.1,1,36,13572,3.0,tour-haut-caussan-medoc-2015
5804,25.0,1,0,14955,1.0,le-puy-cotes-de-francs-emilien-2016
5806,17.4,1,0,13567,2.0,la-croix-meunier-saint-emilion-grand-cru-2014
5807,27.3,1,1,15471,4.0,arcole-saint-emilion-grand-cru-2016
5809,17.9,1,0,15080,0.0,saint-estephe-hauts-de-pez-2016
5810,24.0,1,95,14429,0.0,chateau-tour-de-pez-saint-estephe-2017
5815,16.6,1,11,15238,1.0,trimbach-muscat-reserve-2017
5816,16.9,1,5,15237,0.0,maison-trimbach-riesling-2017
5817,57.6,1,5,14600,0.0,maison-trimbach-riesling-geisberg-2012
5818,63.5,1,19,15241,0.0,maison-trimbach-riesling-grand-cru-schlossberg-2015
5819,56.0,1,1,11933,1.0,maison-trimbach-riesling-cfe-2008
5820,63.5,1,7,15240,0.0,maison-trimbach-riesling-cuvee-frederic-emile-2012
5826,41.2,1,0,15325,4.0,agnes-levet-amethyste-2017
5827,55.0,1,11,15328,3.0,agnes-levet-cote-rotie-maestria-2017
5829,57.0,1,26,15329,3.0,agnes-levet-cote-rotie-peroline-2017
5890,19.3,1,55,15775,0.0,saumaize-michelin-saint-veran-creches-2018
5891,19.0,1,4,15774,1.0,saumaize-michelin-vire-clesse-2018
5892,191.3,1,10,14983,3.0,coteaux-champenois-egly-ouriet-ambonnay-rouge-2016
5893,26.6,1,65,13910,5.0,gilbert-picq-chablis-1er-cru-vaucoupin-2016
5894,15.4,1,18,16539,5.0,thevenet-quintaine-vire-clesse-emilian-gillet-2017
5896,24.7,1,17,15910,0.0,thevenet-quintaine-vire-clesse-la-bongran-2015
5899,28.1,1,0,12339,4.0,stephane-tissot-arbois-bruyeres-2015
5900,18.25,1,0,12869,0.0,stephane-tissot-arbois-dd-2016
5902,35.1,1,9,14095,0.0,stephane-tissot-arbois-pinot-noir-sous-la-tour-2016
5903,27.3,1,1,14099,0.0,stephane-tissot-arbois-trousseau-singulier-2017
5904,18.8,1,25,15856,0.0,montbourgeau-cotes-du-jura-poulsard-2018
5905,43.9,1,0,12881,2.0,montbourgeau-etoile-vin-jaune-2009
5906,19.8,1,0,15857,0.0,domaine-de-montbourgeau-letoile-vin-jaune-2016
5907,17.7,1,5,12882,0.0,domaine-de-montbourgeau-vin-de-paille-2013
5912,57.0,1,8,15227,0.0,whisky-kingsbarns-lowland-single-malt
5913,36.0,1,9,10014,0.0,darnleys-london-dry-gin-original
5914,36.0,1,2,14265,1.0,darnleys-london-dry-gin-spiced
5916,93.0,1,3,14774,0.0,wemyss-malts-single-cask-chocolate-moka-cake
5917,122.0,1,4,14775,0.0,wemyss-malts-single-cask-scotch-whisky-choc-n-nut-pretzel-2001
5918,114.0,1,8,14773,0.0,wemyss-malts-single-cask-scotch-whisky-chai-caramel-latte-2002
5922,48.5,1,0,15343,17.0,albert-mann-pinot-noir-clos-de-la-faille-2017
5925,49.5,1,12,15351,2.0,albert-mann-riesling-grand-cru-furstentum
5930,14.1,1,66,16323,1.0,borie-la-vitarele-languedoc-blanc-grand-mayol-2019
5932,59.9,1,3,523,0.0,cognac-normandin-mercier-vfc
5950,46.0,1,0,15432,5.0,domaine-de-vaccelli-ajaccio-rouge-granit-2016
5951,74.5,1,6,16472,0.0,domaine-de-vaccelli-aop-ajaccio-rouge-granit-174-2017
5953,47.5,0,0,14379,,post_name_vide
5954,18.8,0,0,15609,,post_name_vide
5955,27.3,0,0,14377,,post_name_vide
5956,17.2,1,12,15895,0.0,clos-du-prieur-terrasses-du-larzac-2018
5957,39.0,0,0,13577,,post_name_vide
5958,8.7,1,44,15577,0.0,labranche-laffont-madiran-tradition-2016
5959,15.4,1,32,15766,0.0,domaine-labranche-laffont-madiran-vieilles-vignes-2015
5960,12.7,1,27,15892,0.0,domaine-labranche-laffont-pacherenc-vic-bihl-sec-2017
5962,30.0,1,22,16326,0.0,camin-larredya-jurancon-moelleux-capceu-2018
5963,13.5,1,28,15574,0.0,ancienne-cure-bergerac-blanc-sec-2016
5964,16.3,1,11,13662,3.0,domaine-de-lancienne-cure-pecharmant-abbaye-2015
5967,56.3,1,9,11669,0.0,zind-humbrecht-gewurztraminer-windsbuhl-2012
5968,71.5,1,18,13215,0.0,zind-humbrecht-pinot-gris-windsbuhl-2013
5969,69.0,1,0,13211,0.0,zind-humbrecht-riesling-clos-windsbuhl-2014
6035,17.9,1,21,15342,1.0,zind-humbrecht-muscat-turckheim-2016
6038,48.5,1,11,15318,0.0,i-fabbri-chianti-classico-gran-selezione-2015
6041,71.7,1,4,13073,0.0,chateau-de-vaudieu-chateauneuf-du-pape-amiral-g-2015
6042,8.5,1,0,16159,18.0,domaine-la-croix-belle-cotes-de-thongue-rose-grillons-2019
6047,10.9,1,46,16264,38.0,chateau-de-la-liquiere-faugeres-ampoule-2019
6049,21.8,1,6,14899,3.0,christophe-pichon-saint-joseph-blanc-2017
6050,38.5,1,0,15134,0.0,christophe-pichon-saint-condrieu-2017
6070,9.3,1,124,16133,1.0,borie-la-vitarele-pays-herault-cigales-2019
6072,13.6,1,41,16028,9.0,clos-du-mont-olivet-cotes-du-rhone-blanc-2019
6073,24.5,1,19,15951,0.0,jacqueson-rully-rouge-1er-cru-les-preaux-2018
6093,12.6,1,0,15487,1.0,chateau-de-villeneuve-saumur-champigny-2017
6094,13.4,1,2,15486,0.0,chateau-de-villeneuve-saumur-champigny-bienboire-2018
6095,29.8,1,3,15489,0.0,chateau-de-villeneuve-saumur-champigny-grand-clos-2017
6100,12.9,0,0,15529,,post_name_vide
6101,36.9,1,16,14089,0.0,stephane-tissot-arbois-blanc-la-mailloche-2016
6103,40.7,1,0,14100,0.0,stephane-tissot-arbois-trousseau-amphore-2017
6104,33.2,1,0,14092,0.0,stephane-tissot-arbois-blanc-savagnin-2015
6105,34.8,1,1,14090,7.0,stephane-tissot-cotes-du-jura-sursis-2017
6106,74.8,1,15,14106,0.0,stephane-tissot-chateau-chalon-2011
6107,62.4,1,4,14101,0.0,stephane-tissot-arbois-vin-jaune-en-spois-2011
6108,46.0,1,0,14797,0.0,gilles-robin-cornas-2016
6109,39.2,1,0,15201,1.0,gilles-robin-saint-joseph-pealat-2010
6126,135.0,1,10,14923,2.0,champagne-gosset-celebris-vintage-2007
6127,10.6,1,66,14573,0.0,moulin-de-gassac-igp-pays-dherault-mazet-levant-2017
6128,10.6,1,50,14569,3.0,moulin-de-gassac-igp-pays-dherault-faune-2017
6129,5.2,1,30,14570,0.0,moulin-de-gassac-igp-pays-dherault-guilhem-blanc-2017
6137,46.0,1,0,15834,2.0,domaine-de-vaccelli-ajaccio-blanc-sirocco-2017
6201,105.6,1,7,14596,0.0,david-duband-chambolle-musigny-1er-cru-les-sentiers-2016
6202,116.4,1,14,15126,0.0,domaine-clerget-echezeaux-en-orveaux-2015
6204,31.0,1,7,14604,7.0,domaine-giudicelli-muscat-du-cap-corse-2016
6205,20.2,1,109,16565,0.0,domaine-giudicelli-vin-de-france-corail-rouge-2019
6206,25.2,1,120,16580,41.0,domaine-giudicelli-patrimonio-blanc-2019
6207,25.2,1,363,16077,37.0,domaine-giudicelli-patrimonio-rouge-2016
6212,115.0,1,2,13996,2.0,domaine-des-comtes-lafon-volnay-1er-cru-santenots-du-milieu-2015
6213,121.0,1,7,15072,0.0,domaine-des-comtes-lafon-volnay-1er-cru-santenots-du-milieu-2016
6214,99.0,1,7,11601,0.0,domaine-des-comtes-lafon-volnay-1er-cru-champans-2013
6215,115.0,1,4,12790,0.0,domaine-des-comtes-lafon-volnay-1er-cru-champans-2014
6216,121.0,1,6,15070,0.0,domaine-des-comtes-lafon-volnay-1er-cru-champans-2016
6221,23.5,1,3,16096,0.0,planeta-sicilia-eruzione-1614-2017
6222,26.4,1,10,7032,0.0,planeta-sicilia-passito-di-noto-2016
6223,26.7,1,1,15324,6.0,planeta-sicilia-chardonnay-2017
6225,20.4,1,0,15162,4.0,le-pas-de-lescalette-herault-ze-cinsault-2017
6226,20.4,1,0,15161,0.0,le-pas-de-lescalette-terrasses-du-larzac-pas-de-d-2017
6227,40.2,1,15,15163,1.0,le-pas-de-lescalette-terrasses-du-larzac-les-frieys-2017
6278,9.0,1,69,16273,5.0,borie-de-maurel-minervois-esprit-automne-2019
6279,45.9,1,10,16247,0.0,borie-de-maurel-minervois-rouge-maxime-2003
6280,10.4,1,0,15654,0.0,borie-de-maurel-minervois-blanc-belle-aude-2018
6299,78.0,1,10,15710,0.0,lucien-boillot-gevrey-chambertin-1er-cru-les-cherbaudes-2017
6301,40.5,1,20,15745,0.0,borie-la-vitarele-saint-chinian-midi-rouge-2015
6325,27.9,1,7,15678,0.0,tempier-bandol-blanc-2018
6328,22.4,1,7,15810,0.0,le-pas-de-lescalette-igp-pays-dherault-les-clapas-blanc-2018
6567,28.4,1,9,15779,0.0,decelle-villa-cote-de-nuits-aux-montagnes-2014
6568,72.0,1,19,15707,0.0,decelle-villa-chambolle-musigny-2017
6569,29.0,1,6,15705,3.0,decelle-villa-chorey-beaune-2016
6570,29.2,1,0,15706,0.0,decelle-villa-marsannay-longeroies-2015
6572,44.0,1,0,15704,0.0,decelle-villa-saint-aubin-dumay-2015
6573,68.3,1,12,15473,1.0,marc-colin-et-fils-chassagne-montrachet-blanc-1cru-champs-gain-2017
6575,41.8,1,1,15479,0.0,marc-colin-et-fils-saint-aubin-1ercru-chateniere-2017
6578,40.0,1,0,15647,7.0,saumaize-michelin-pouilly-fuisse-ampelopsis-2016
6584,13.5,1,29,15769,0.0,la-preceptorie-cotes-du-roussillon-coume-marie-2018-blc
6585,19.0,1,38,15434,0.0,la-preceptorie-cotes-du-roussillon-blanc-terres-nouvelles-2018
6592,24.4,1,70,15764,0.0,domaine-de-la-monardiere-vacqueyras-galejade-2018
6615,32.8,1,8,16071,0.0,clos-du-mont-olivet-chateauneuf-du-pape-2018
6616,15.4,1,8,15781,1.0,clos-du-mont-olivet-lirac-2017
6617,9.9,1,12,16031,6.0,clos-du-mont-olivet-igp-gard-rive-droite-2018
6618,13.5,1,2,15539,0.0,clos-du-mont-olivet-vins-de-pays-du-gard-confluence-2017
6620,51.0,1,2,16046,0.0,domaine-de-la-tour-du-bon-bandol-rouge-saint-ferreol-2005
6621,35.2,1,69,15204,3.0,thierry-germain-saumur-champigny-la-marginale-2018
6622,42.2,1,12,15205,0.0,thierry-germain-saumur-champigny-les-memoires-2018
6626,33.2,1,1,15790,0.0,weingut-besson-strasser-zurich-rauschling-2018
6627,41.8,1,16,15791,1.0,weingut-besson-strasser-zurich-fume-2017
6628,32.2,1,31,15792,0.0,weingut-besson-strasser-zurich-blauer-zweigelt-2016
6629,37.7,1,25,15793,1.0,weingut-besson-strasser-zurich-pinot-noir-cholfirst-2017
6631,47.2,1,12,15795,0.0,weingut-besson-strasser-zurich-pinot-noir-albi-2016
6632,52.7,1,2,15794,1.0,weingut-besson-strasser-zurich-pinot-noir-chlosterberg-2016
6635,22.4,1,23,15763,1.0,domaine-de-la-monardiere-vacqueyras-les-vieilles-vignes-2016
6663,50.4,1,6,16152,0.0,catherine-et-claude-marechal-pommard-la-chaniere-2017
6664,35.6,1,38,15661,0.0,catherine-et-claude-marechal-savigny-les-beaune-rouge-2017
6665,27.7,1,8,16068,1.0,domaine-hauvette-igp-alpilles-jaspe-2017
6666,48.5,1,24,16067,0.0,domaine-hauvette-igp-alpilles-dolia-2013
6738,15.4,1,40,8193,3.0,emile-boeckel-cremant-chardonnay-extra-brut-2016
6751,46.5,1,0,16144,0.0,chateau-simone-blanc-2017
6753,46.5,1,29,15256,0.0,chateau-simone-palette-rouge-2015
6884,46.5,1,12,15735,0.0,domino-romano-ribera-del-duero-rdr-2015
6886,42.0,1,0,14897,0.0,gratavinum-priorat-gv5-2011
6887,21.8,1,24,15736,0.0,gratavinum-priorat-2%cf%80r-2017
6920,50.5,1,1,15740,0.0,jean-faure-saint-emilion-grand-cru-2015
6926,49.9,1,24,15845,1.0,chateau-jean-faure-saint-emilion-grand-cru-2016
6928,19.0,1,20,15741,2.0,cedre-de-jean-faure-saint-emilion-2016
6930,8.4,1,83,16135,5.0,mouthes-le-bihan-aime-chai-2015
7023,27.5,1,15,15891,0.0,camin-larredya-jurancon-sec-la-virada-2018
7025,69.0,1,2,15887,0.0,jamet-cote-rotie-fructus-voluptas-2018
7247,54.8,1,23,13127-1,0.0,clos-du-mont-olivet-chateauneuf-du-pape-2007-2
7329,26.5,0,14,14680-1,,post_name_vide
7338,16.3,1,45,16230,0.0,domaine-saint-nicolas-fiefs-vendeens-blanc-les-clous-2019
